insert into AspNetRoles values 
(1, 'Administrador'), 
(2, 'Gestión_Administrativa'),
(3, 'Secretaría_OSP'),
(4, 'Responsable_Calidad'),
(5, 'Area'),
(6, 'Financiero'),
(7, 'Visualización'),
(8, 'Gerencial')
GO

INSERT INTO [AspNetUsers]  ([Id] ,[Email] ,[EmailConfirmed],[PasswordHash] ,[SecurityStamp],[PhoneNumber] ,[PhoneNumberConfirmed] ,[TwoFactorEnabled] ,[LockoutEndDateUtc] ,[LockoutEnabled] ,[AccessFailedCount] ,[UserName] ,[Cedula] ,[Nombres] ,[Apellidos] ,[Cargo] ,[Titulo] ,[Activo] ) values
('d2d2f458-8533-4998-9ffd-77d4fa3ba360','gutierrez.danny@gmail.com', 1, 'AI1U8kjCknGiJtOwmCn/XsBq2Zyizjhz5k/UmvplKZmFzMiLGaq7bX+1fJCthnZpTw==','9ed7f957-b3fc-4cc3-ac98-3055c72dfdf3', NULL,0, 0, NULL, 1, 0, 'verdezul','0000000000','Verdezul','Apps','sa','Adm.',1),
('d2d2f458-8533-4998-9ffd-77d4fa3ba361','jairog.ec@gmail.com', 1, 'AI1U8kjCknGiJtOwmCn/XsBq2Zyizjhz5k/UmvplKZmFzMiLGaq7bX+1fJCthnZpTw==','9ed7f957-b3fc-4cc3-ac98-3055c72dfdf3', NULL,0, 0, NULL, 1, 0, 'jairog','0000000000','Jairo','Gutiérrez','sa','Ing.',1),
('d2d2f458-8533-4998-9ffd-77d4fa3ba370','vbonifaz@uce.edu.ec',1,'AI1U8kjCknGiJtOwmCn/XsBq2Zyizjhz5k/UmvplKZmFzMiLGaq7bX+1fJCthnZpTw==','9ed7f957-b3fc-4cc3-ac98-3055c72dfdf3',NULL,0,0,NULL,1,0,'vbonifaz','0100000009','Veronica Patricia','Bonifaz Chavez','Asistente Administrativa','Dra.',1),
('d2d2f458-8533-4998-9ffd-77d4fa3ba371','odcriollo@uce.edu.ec',1,'AI1U8kjCknGiJtOwmCn/XsBq2Zyizjhz5k/UmvplKZmFzMiLGaq7bX+1fJCthnZpTw==','9ed7f957-b3fc-4cc3-ac98-3055c72dfdf3',NULL,0,0,NULL,1,0,'odcriollo','0100000009','Oscar Daniel','Criollo Talavera','Asistente Universitario','Sr.',1),
('d2d2f458-8533-4998-9ffd-77d4fa3ba372','mrsalazar@uce.edu.ec',1,'AI1U8kjCknGiJtOwmCn/XsBq2Zyizjhz5k/UmvplKZmFzMiLGaq7bX+1fJCthnZpTw==','9ed7f957-b3fc-4cc3-ac98-3055c72dfdf3',NULL,0,0,NULL,1,0,'mrsalazar','0100000009','Marcia Del Rocio ','Salazar Estrada','Gestion Administrativa','Mgt.',1),
('d2d2f458-8533-4998-9ffd-77d4fa3ba373','ppinto@uce.edu.ec',1,'AI1U8kjCknGiJtOwmCn/XsBq2Zyizjhz5k/UmvplKZmFzMiLGaq7bX+1fJCthnZpTw==','9ed7f957-b3fc-4cc3-ac98-3055c72dfdf3',NULL,0,0,NULL,1,0,'ppinto','0100000009','Paola Alexandra ','Pinto Robles','Secretaria Osp','Srta.',1),
('d2d2f458-8533-4998-9ffd-77d4fa3ba374','vfarinango@uce.edu.ec',1,'AI1U8kjCknGiJtOwmCn/XsBq2Zyizjhz5k/UmvplKZmFzMiLGaq7bX+1fJCthnZpTw==','9ed7f957-b3fc-4cc3-ac98-3055c72dfdf3',NULL,0,0,NULL,1,0,'vfarinango','0100000009','Vicente Manuel ','Farinango Carrera','Recaudador','Sr.',1),
('d2d2f458-8533-4998-9ffd-77d4fa3ba375','mggarofalo@uce.edu.ec',1,'AI1U8kjCknGiJtOwmCn/XsBq2Zyizjhz5k/UmvplKZmFzMiLGaq7bX+1fJCthnZpTw==','9ed7f957-b3fc-4cc3-ac98-3055c72dfdf3',NULL,0,0,NULL,1,0,'mggarofalo','0100000009','Marcos Geovanny ','Garofalo Garcia','Responsable Alimentos','Sr.',1),
('d2d2f458-8533-4998-9ffd-77d4fa3ba376','abcepa@uce.edu.ec',1,'AI1U8kjCknGiJtOwmCn/XsBq2Zyizjhz5k/UmvplKZmFzMiLGaq7bX+1fJCthnZpTw==','9ed7f957-b3fc-4cc3-ac98-3055c72dfdf3',NULL,0,0,NULL,1,0,'abcepa','0100000009','Alicia Betariz ','Cepa Lara','Responsable Ambiental','Srta.',1),
('d2d2f458-8533-4998-9ffd-77d4fa3ba377','lmchasi@uce.edu.ec',1,'AI1U8kjCknGiJtOwmCn/XsBq2Zyizjhz5k/UmvplKZmFzMiLGaq7bX+1fJCthnZpTw==','9ed7f957-b3fc-4cc3-ac98-3055c72dfdf3',NULL,0,0,NULL,1,0,'lmchasi','0100000009','Lina Magaly ','Chasi Toapanta','Responsable Microbiologia','Mgt.',1),
('d2d2f458-8533-4998-9ffd-77d4fa3ba378','dcroldan@uce.edu.ec',1,'AI1U8kjCknGiJtOwmCn/XsBq2Zyizjhz5k/UmvplKZmFzMiLGaq7bX+1fJCthnZpTw==','9ed7f957-b3fc-4cc3-ac98-3055c72dfdf3',NULL,0,0,NULL,1,0,'dcroldan','0100000009','Darwin Cristobal','Roldan Robles','Responsable Farmacia','Sr.',1),
('d2d2f458-8533-4998-9ffd-77d4fa3ba379','raacosta@uce.edu.ec',1,'AI1U8kjCknGiJtOwmCn/XsBq2Zyizjhz5k/UmvplKZmFzMiLGaq7bX+1fJCthnZpTw==','9ed7f957-b3fc-4cc3-ac98-3055c72dfdf3',NULL,0,0,NULL,1,0,'raacosta','0100000009','Rachide Alexandra','Acosta Rojas','Responsable Clinicos','Srta.',1),
('d2d2f458-8533-4998-9ffd-77d4fa3ba380','masuarez@uce.edu.ec',1,'AI1U8kjCknGiJtOwmCn/XsBq2Zyizjhz5k/UmvplKZmFzMiLGaq7bX+1fJCthnZpTw==','9ed7f957-b3fc-4cc3-ac98-3055c72dfdf3',NULL,0,0,NULL,1,0,'masuarez','0100000009','Martha Azucena','Suarez Heredia','Decana','Srta.',1),
('d2d2f458-8533-4998-9ffd-77d4fa3ba381','sequispe@uce.edu.ec',1,'AI1U8kjCknGiJtOwmCn/XsBq2Zyizjhz5k/UmvplKZmFzMiLGaq7bX+1fJCthnZpTw==','9ed7f957-b3fc-4cc3-ac98-3055c72dfdf3',NULL,0,0,NULL,1,0,'sequispe','0100000009','Silvia Elizabeth ','Quispe Suasnavas','Contadora','Srta.',1),
('d2d2f458-8533-4998-9ffd-77d4fa3ba382','cona@uce.edu.ec',1,'AI1U8kjCknGiJtOwmCn/XsBq2Zyizjhz5k/UmvplKZmFzMiLGaq7bX+1fJCthnZpTw==','9ed7f957-b3fc-4cc3-ac98-3055c72dfdf3',NULL,0,0,NULL,1,0,'cona','0100000009','Clever Homero','Ona Bautista','Informatico','Ing.',1),
('d2d2f458-8533-4998-9ffd-77d4fa3ba383','observa@sysosp.com',1,'AI1U8kjCknGiJtOwmCn/XsBq2Zyizjhz5k/UmvplKZmFzMiLGaq7bX+1fJCthnZpTw==','9ed7f957-b3fc-4cc3-ac98-3055c72dfdf3',NULL,0,0,NULL,1,0,'observa','0100000009','Observador','Sistema','Observador Del Sistema',null,1)
-- 12345Abc.
GO

insert into AspNetUserRoles values
('d2d2f458-8533-4998-9ffd-77d4fa3ba360',1),
('d2d2f458-8533-4998-9ffd-77d4fa3ba361',1),
('d2d2f458-8533-4998-9ffd-77d4fa3ba370',1),
('d2d2f458-8533-4998-9ffd-77d4fa3ba382',1),
('d2d2f458-8533-4998-9ffd-77d4fa3ba360',2),
('d2d2f458-8533-4998-9ffd-77d4fa3ba361',2),
('d2d2f458-8533-4998-9ffd-77d4fa3ba370',2),
('d2d2f458-8533-4998-9ffd-77d4fa3ba372',2),
('d2d2f458-8533-4998-9ffd-77d4fa3ba375',2),
('d2d2f458-8533-4998-9ffd-77d4fa3ba376',2),
('d2d2f458-8533-4998-9ffd-77d4fa3ba377',2),
('d2d2f458-8533-4998-9ffd-77d4fa3ba378',2),
('d2d2f458-8533-4998-9ffd-77d4fa3ba379',2),
('d2d2f458-8533-4998-9ffd-77d4fa3ba360',3),
('d2d2f458-8533-4998-9ffd-77d4fa3ba361',3),
('d2d2f458-8533-4998-9ffd-77d4fa3ba373',3),
('d2d2f458-8533-4998-9ffd-77d4fa3ba360',4),
('d2d2f458-8533-4998-9ffd-77d4fa3ba361',4),
('d2d2f458-8533-4998-9ffd-77d4fa3ba370',4),
('d2d2f458-8533-4998-9ffd-77d4fa3ba377',4),
('d2d2f458-8533-4998-9ffd-77d4fa3ba360',5),
('d2d2f458-8533-4998-9ffd-77d4fa3ba361',5),
('d2d2f458-8533-4998-9ffd-77d4fa3ba375',5),
('d2d2f458-8533-4998-9ffd-77d4fa3ba376',5),
('d2d2f458-8533-4998-9ffd-77d4fa3ba377',5),
('d2d2f458-8533-4998-9ffd-77d4fa3ba378',5),
('d2d2f458-8533-4998-9ffd-77d4fa3ba379',5),
('d2d2f458-8533-4998-9ffd-77d4fa3ba360',6),
('d2d2f458-8533-4998-9ffd-77d4fa3ba361',6),
('d2d2f458-8533-4998-9ffd-77d4fa3ba374',6),
('d2d2f458-8533-4998-9ffd-77d4fa3ba360',7),
('d2d2f458-8533-4998-9ffd-77d4fa3ba361',7),
('d2d2f458-8533-4998-9ffd-77d4fa3ba381',7),
('d2d2f458-8533-4998-9ffd-77d4fa3ba383',7),
('d2d2f458-8533-4998-9ffd-77d4fa3ba360',8),
('d2d2f458-8533-4998-9ffd-77d4fa3ba361',8),
('d2d2f458-8533-4998-9ffd-77d4fa3ba380',8),
('d2d2f458-8533-4998-9ffd-77d4fa3ba371',3)

